{
  "model_name": "Qwen/Qwen3-Embedding-4B",
  "generated_path": "/playpen-shared/haochenz/ImagenFew/data/VerbalTSDatasets/synthetic_m/generated_text_caps.npy",
  "real_path": "/playpen-shared/haochenz/ImagenFew/data/VerbalTSDatasets/synthetic_m/test_text_caps.npy",
  "num_generated": 4000,
  "num_real": 4000,
  "embedding_dim": 2560,
  "pca_explained_variance_ratio": [
    0.16686376929283142,
    0.13242223858833313
  ],
  "tsne_perplexity": 30.0,
  "generated_to_real_mean": 0.8258197903633118,
  "generated_to_real_std": 0.05342650040984154,
  "generated_self_mean": 0.8305638432502747,
  "generated_self_std": 0.05367332324385643,
  "real_self_mean": 0.8302364945411682,
  "real_self_std": 0.05392565205693245,
  "generated_to_real_top1_mean": 0.9672030210494995
}